,DSI,link,title
0,DSI-0,https://www.vox.com/2018/3/28/17173262/senate-women-sexual-harassment-legislation-mcconnell,Every woman in the Senate just demanded Mitch McConnell hold a vote on sexual harassment legislation
1,DSI-1,http://theweek.com/articles/763469/parkland-kids-have-triggered-conservative-snowflakes,The Parkland kids have triggered conservative snowflakes
2,DSI-2,https://www.politico.com/story/2018/03/28/jeb-bush-children-trump-yale-490878,Jeb Bush mocks Trump: My children 'actually love me'
3,DSI-3,https://www.nytimes.com/2018/03/28/us/politics/trump-pardon-michael-flynn-paul-manafort-john-dowd.html,Trump’s Lawyer Raised Prospect of Pardons for Flynn and Manafort
4,DSI-4,https://www.washingtonpost.com/news/the-fix/wp/2018/03/28/congress-seems-a-little-skittish-that-trump-will-fire-mueller-in-the-next-few-weeks/?utm_term=.e627d7892c7c,Congress seems a little skittish that Trump will fire Mueller in the next few weeks
5,DSI-5,https://www.cnbc.com/2018/03/28/trumps-personal-physician-dr-ronny-jackson-will-replace-david-shulkin-as-veterans-affairs-secretary.html,"White House physician, Dr. Ronny Jackson, will replace David Shulkin as Veterans Affairs secretary"
6,DSI-6,https://www.dallasnews.com/business/health-care/2018/03/28/planned-parenthood-receives9-million-gift-open-new-clinics-west-texas,Planned Parenthood receives $9 million gift to open new clinics in West Texas
7,DSI-7,https://www.washingtonpost.com/news/politics/wp/2018/03/28/judge-allows-lawsuit-accusing-trump-of-receiving-improper-payments-from-states-foreign-governments-through-d-c-hotel/,"D.C., Maryland can proceed with lawsuit alleging Trump violated emoluments clauses"
8,DSI-8,https://www.axios.com/trump-replaces-his-veterans-affairs-secretary-1522272761-acf24866-0d35-4690-aeb4-49ad545f2116.html?utm_source=sidebar,Trump fires Veterans Affairs secretary
9,DSI-9,https://www.cnn.com/2018/03/28/politics/nunes-opponent-fundraising-first-quarter/index.html,Nunes opponent raises $1 million in first quarter
10,DSI-10,https://lawandcrime.com/legal-analysis/president-trump-could-very-well-have-to-testify-under-oath-and-its-his-lawyers-fault/,"President Trump Could Very Well Have to Testify Under Oath, and It’s His Lawyer’s Fault"
11,DSI-11,https://www.washingtonpost.com/opinions/scott-pruitt-needs-to-go/2018/03/28/8984cd26-32a0-11e8-8bdd-cdb33a5eef83_story.html,Enough is enough. Scott Pruitt needs to go.
12,DSI-12,https://www.washingtonpost.com/news/wonk/wp/2018/03/28/obamacare-jacked-up-taxes-on-the-1-percent-gave-16-billion-annually-to-poor/?utm_term=.4af1169808a9,"Obamacare jacked up taxes on the 1 percent, gave $16 billion annually to poor"
13,DSI-13,https://thinkprogress.org/laura-ingraham-mocks-david-hogg-parkland-fox-news-c9ab91e7b396/,Fox News host mocks Parkland survivor for college rejections
14,DSI-14,http://www.businessinsider.com/john-dowd-says-mueller-is-terrific-2018-3,Former Trump attorney called Mueller 'terrific' after quitting Trump's legal team
15,DSI-15,https://www.vox.com/2018/3/28/17152644/trump-border-wall-texas-environment-refuge-butterflies,Congress is quietly letting Trump bulldoze a butterfly refuge to build a border wall
16,DSI-16,http://thehill.com/homenews/state-watch/380701-court-rejects-wisconsin-gop-appeal-to-halt-special-elections,Court rejects Wisconsin GOP appeal to halt special elections
17,DSI-17,https://www.washingtonpost.com/news/the-fix/wp/2018/03/28/mueller-just-drew-the-most-direct-line-to-date-between-the-trump-campaign-and-russia/?utm_term=.90c5d9bf9eff,Mueller just drew his most direct line to date between the Trump campaign and Russia
18,DSI-18,http://thehill.com/homenews/media/380621-cnn-host-confronts-pro-trump-evangelical-to-receive-forgiveness-dont-you-need,"CNN host confronts pro-Trump evangelical: To receive forgiveness, don't you need to confess your sins?"
19,DSI-19,https://www.univision.com/univision-news/immigration/fox-news-host-says-nation-is-diversifying-too-fast-for-americans-to-digest,"Fox News host says nation is diversifying too fast for Americans to ""digest"""
20,DSI-20,https://www.buzzfeed.com/salvadorhernandez/trump-tweeted-pictures-claiming-the-start-of-his-border,"Trump Tweeted Pictures Claiming ""The Start"" Of His Border Wall, But It Was Actually An Old Project"
21,DSI-21,https://news.vice.com/en_us/article/mbxgda/mueller-court-filing-rick-gates-trump-russia,Bombshell Mueller court filing shows Rick Gates was knowingly in contact with a Kremlin spy
22,DSI-22,https://www.cbsnews.com/news/manafort-bets-on-presidential-pardon-in-special-counsel-case/,Manafort bets on presidential pardon in special counsel case
23,DSI-23,https://www.cnn.com/2018/03/28/politics/ronny-jackson-medical-exam-trump/index.html,WH official: Jackson vouching for Trump helped win VA job
24,DSI-24,https://news.vice.com/en_us/article/8xkqka/oklahoma-teachers-are-fed-up-and-walking-out-on-april-2-heres-why,Oklahoma teachers are fed up and walking out on April 2. Here's why.
25,DSI-25,http://thehill.com/blogs/blog-briefing-room/news/380736-jeb-bush-hits-trump-i-go-home-to-children-who-actually-love-me,Jeb Bush hits Trump: I go home to children 'who actually love me'
26,DSI-26,http://thehill.com/homenews/state-watch/380600-state-senate-committee-in-hawaii-passes-resolution-calling-for-statue-of,Hawaii panel passes resolution calling for statue of Obama
27,DSI-27,https://thinkprogress.org/laura-ingraham-apologizes-loses-advertisers-0515b390d90e/,Laura Ingraham apologizes to David Hogg after losing multiple advertisers
28,DSI-28,https://www.reuters.com/article/us-usa-trump-russia-convention/u-s-special-counsel-probing-russia-contacts-at-republican-convention-sources-idUSKBN1H52VT,Mueller probing Russia contacts at Republican convention: sources
29,DSI-29,http://thehill.com/homenews/media/380881-expedia-to-no-longer-advertise-on-ingrahams-show,Expedia to no longer advertise on Ingraham's show
30,DSI-30,https://www.commondreams.org/news/2018/03/29/advertisers-flee-critics-not-buying-laura-ingrahams-apology-parkland-shooting,"As Advertisers Flee, Critics Not Buying Laura Ingraham's Apology to Parkland Shooting Survivor"
31,DSI-31,https://www.cnn.com/2018/03/29/politics/mueller-gates-russia-investigation-contacts/index.html,Source: Mueller pushed for Gates' help on collusion
32,DSI-32,https://www.nytimes.com/2018/03/29/nyregion/daca-lawsuit-trump-brooklyn.html,"Citing Trump’s ‘Racial Slurs,’ Judge Says Suit to Preserve DACA Can Continue"
33,DSI-33,https://www.washingtonpost.com/news/morning-mix/wp/2018/03/29/laura-ingraham-savaged-for-taunting-parkland-activist-over-college-rejections/?utm_term=.4c13cec74924,"Facing boycott, Laura Ingraham apologizes for taunting Parkland teen over college rejections"
34,DSI-34,http://thehill.com/policy/national-security/380892-mueller-probing-events-at-2016-gop-convention-report,Mueller probing events at 2016 GOP convention: report
35,DSI-35,https://www.washingtonpost.com/news/democracy-post/wp/2018/03/29/its-time-to-go-after-vladimir-putins-money-in-the-west/,It’s time to go after Vladimir Putin’s money in the West
36,DSI-36,http://theweek.com/speedreads/764226/scott-pruitt-literally-lives-lobbyists-washington-townhouse,Scott Pruitt literally lives in a lobbyist's Washington townhouse
37,DSI-37,http://thehill.com/homenews/media/380943-hulu-pulls-ads-from-laura-ingrahams-show,Hulu pulls ads from Laura Ingraham's show
38,DSI-38,https://www.washingtonexaminer.com/policy/courts/joe-biden-most-damaging-part-of-trumps-presidency-was-naming-neil-gorsuch-to-supreme-court,Joe Biden: Most 'damaging' part of Trump's presidency was naming Neil Gorsuch to Supreme Court
39,DSI-39,http://www.nydailynews.com/life-style/time-laura-ingraham-shut-article-1.3903952,Maybe it’s time for Laura Ingraham to shut up
40,DSI-40,https://www.washingtonpost.com/blogs/plum-line/wp/2018/03/29/the-trump-effect-a-lot-of-veterans-are-running-as-democrats/,The Trump effect: A lot of veterans are running as Democrats
41,DSI-41,https://www.vanityfair.com/news/2018/03/veterans-ronny-jackson-trump,Veterans Skeptical That Doctor Who Said Trump Could “Live to Be 200” Is Qualified to Run the V.A.
42,DSI-42,https://edition.cnn.com/2018/03/29/politics/house-democrats-kushner-saudi-prince/index.html?utm_source=feedburner&utm_medium=feed&utm_campaign=Feed%3A+rss%2Fcnn_latest+%28RSS%3A+CNN+-+Most+Recent%29,Dems to FBI: Probe Jared Kushner's ties to Saudi crown prince
43,DSI-43,https://www.reuters.com/article/us-usa-trump-mccabe-defense/former-fbi-deputy-mccabe-launches-legal-defense-fund-in-wake-of-firing-idUSKBN1H52P3?il=0,Former FBI deputy McCabe launches legal defense fund in wake of firing
44,DSI-44,http://thehill.com/blogs/blog-briefing-room/news/380776-anonymous-donor-gifts-millions-to-build-planned-parenthood,Anonymous donor gifts millions to build Planned Parenthood clinics in Texas
45,DSI-45,https://theintercept.com/2018/03/29/john-bolton-trump-bush-bustani-kids-opcw/,“We Know Where Your Kids Live”: How John Bolton Once Threatened an International Official
46,DSI-46,https://news.vice.com/en_us/article/43b3md/laura-ingraham-just-lost-an-advertiser-over-david-hoggs-boycott?utm_campaign=sharebutton,All the advertisers that have dropped Laura Ingraham after David Hogg's boycott
47,DSI-47,http://www.nydailynews.com/news/national/parkland-survivor-david-hogg-calls-boycott-laura-ingraham-article-1.3902504,Parkland survivor David Hogg calls for boycott of Laura Ingraham
48,DSI-48,http://thehill.com/homenews/media/380877-three-top-cable-news-networks-cut-away-from-trump-speech,Three top cable news networks cut away from Trump speech
49,DSI-49,https://www.nbcnews.com/politics/donald-trump/trump-tells-aides-not-talk-publicly-about-russia-policy-moves-n861256?cid=sm_npd_nn_tw_np,Trump tells aides not to talk publicly about Russia policy moves
50,DSI-50,https://www.esquire.com/news-politics/a19630341/trump-border-wall-tweet/,It Is Amazing to Watch the President Lie in Public So Freely
51,DSI-51,https://talkingpointsmemo.com/livewire/kelly-not-included-russia-call-bolton-hire,"Report: Kelly Left Out Of Trump-Russia Call, Decision To Hire John Bolton"
52,DSI-52,https://www.motherjones.com/politics/2018/03/it-took-3-different-court-orders-for-scott-walker-to-finally-hold-constitutionally-required-elections/,It Took 3 Different Court Orders for Scott Walker To Finally Hold Constitutionally Required Elections
53,DSI-53,https://www.washingtonpost.com/opinions/why-robert-mueller-could-be-considering-bribery-charges/2018/03/29/2e4a60cc-336a-11e8-94fa-32d48460b955_story.html?utm_term=.b6373aae2630,Why Robert Mueller could be considering bribery charges
54,DSI-54,https://www.huffingtonpost.com/entry/wall-street-journal-censorship-letter_us_5abd2570e4b03e2a5c7a735f,WSJ Employees Say Senior Editor Tried To Pull Story For Political Reasons
55,DSI-55,http://inthesetimes.com/working/entry/21022/GOP-Tax-Scam-Rich-benefits-paycheck-income,Americans Are Realizing They’ve Been Scammed By the GOP Tax Bill: Most Report Zero Pay Boost
56,DSI-56,http://thehill.com/homenews/house/380941-dem-people-will-take-to-the-streets-if-trump-tries-to-get-rid-of-mueller,Dem: People will take to the streets if Trump tries to get rid of Mueller
57,DSI-57,https://www.thedailybeast.com/report-trump-didnt-want-to-anger-putin-after-ukraine-weapons-sale?source=TDB&via=FB_Page,Report: Trump Didn’t Want to Anger Putin After Ukraine Weapons Sale
58,DSI-58,https://www.theguardian.com/us-news/2018/mar/30/andrew-mccabe-legal-fund-for-battle-with-trump-reaches-300000-in-hours,"Andrew McCabe: legal fund for battle with Trump reaches $300,000 in hours"
59,DSI-59,http://www.newsweek.com/rob-porters-ex-wife-jennifer-willoughby-says-trump-showing-country-it-866280,Rob Porter’s Ex-Wife Jennie Willoughby Says Trump Is Showing the Country Domestic Abuse is OK
60,DSI-60,https://www.citizensforethics.org/press-release/criminal-complaint-filed-against-bannon-trump-campaign-cambridge-analytica-and-bolton-super-pac/,"Criminal complaint filed against Bannon, Trump campaign, Cambridge Analytica and Bolton Super PAC"
61,DSI-61,https://www.cincinnati.com/story/news/2018/03/29/student-shot-madison-schools-ohio-gets-detention-school-shooting-protest/461379002/,Student shot at Madison Schools in Ohio gets detention for school-shooting protest
62,DSI-62,https://slate.com/news-and-politics/2018/03/the-insults-pro-gun-people-use-against-parkland-students-david-hogg-and-emma-gonzalez.html,Pro-gun advocates are stepping up their attacks on Parkland students David Hogg and Emma González.
63,DSI-63,https://www.bostonglobe.com/news/politics/2018/03/29/trump-ohio-don-know-what-that-means-community-college/xfQoiVo09HwydakyUD5ycN/story.html,"Trump in Ohio: ‘I don’t know what that means, a community college’"
64,DSI-64,https://www.washingtonpost.com/news/to-your-health/wp/2018/03/29/in-emotional-speech-cdcs-new-leader-vows-to-uphold-science/,"In emotional speech, CDC’s new leader vows to uphold science"
65,DSI-65,https://www.esquire.com/news-politics/a19640515/trump-infrastructure-speech-ohio/,Trump Lied So Much in His Latest Speech That It Requires Timestamps to Keep Track
66,DSI-66,https://www.washingtonpost.com/news/morning-mix/wp/2018/03/30/texas-woman-sentenced-to-5-years-in-prison-for-voting-while-on-probation/?utm_term=.11b1a38241fb,Texas woman sentenced to 5 years in prison for voting while on probation
67,DSI-67,https://www.cnbc.com/2018/03/29/stormy-daniels-lawyer-says-case-against-trump-grows-stronger.html,Stormy Daniels' lawyer says case against Trump 'grows stronger'
68,DSI-68,https://news.vice.com/en_us/article/a3ykz4/trump-nothing-to-say-russia-60-us-diplomats,Trump has absolutely nothing to say about Russia throwing out 60 U.S. diplomats
69,DSI-69,http://www.al.com/news/huntsville/index.ssf/2018/03/judge_denies_roy_moores_reques.html,Judge denies Roy Moore's request to dismiss accuser's lawsuit
70,DSI-70,https://www.thedailybeast.com/roger-stone-sam-nunberg-is-a-lying-asshole-and-psycho/?,Roger Stone: Sam Nunberg Is a ‘Lying Asshole’ and ‘Psycho’
71,DSI-71,http://thehill.com/homenews/media/381010-ex-fox-news-contributor-i-was-blocked-from-talking-about-russia-because-i,Ex-Fox News contributor: I was silenced on Russia because I didn't back Trump
72,DSI-72,https://www.thedailybeast.com/roseanne-keeps-promoting-qanon-the-pro-trump-conspiracy-theory-that-makes-pizzagate-look-tame?ref=home,"Roseanne Keeps Promoting QAnon, the Pro-Trump Conspiracy Theory That Makes Pizzagate Look Tame"
73,DSI-73,https://www.independent.co.uk/news/world/americas/judge-rape-victim-close-your-legs-john-russo-new-jersey-complaint-a8281356.html,Judge who asked alleged rape victim if she tried to ‘close her legs’ charged with misconduct
74,DSI-74,http://www.politifact.com/punditfact/statements/2018/mar/30/project-republic/no-emma-gonzalez-did-not-admit-bullying-parkland-s/,"No, Emma Gonzalez did not admit to bullying Parkland shooter at a rally"
75,DSI-75,https://www.propublica.org/article/john-bolton-national-security-adviser-intelligence,"John Bolton Skewed Intelligence, Say People Who Worked… — ProPublica"
76,DSI-76,https://www.azcentral.com/story/news/politics/arizona/2018/03/30/parkland-survivor-david-hogg-john-mccain-why-do-you-take-so-much-money-nra/473210002/,Parkland survivor David Hogg to John McCain: 'Why do you take so much money from the NRA?'
77,DSI-77,https://www.justsecurity.org/54408/house-intel-committee-findings-contradict-kushners-testimony/,House Intel Committee Findings Contradict Kushner’s Testimony
78,DSI-78,http://theweek.com/speedreads/763987/oklahoma-raises-taxes-oil-gas-cigarettes-give-teachers-first-raise-since-2007,"Oklahoma raises taxes on oil, gas, and cigarettes to give teachers their first raise since 2007"
79,DSI-79,https://news.vice.com/en_us/article/paxkpb/paul-manafort-a-mysterious-russian-jet-and-a-secret-meeting,"Paul Manafort, a mysterious Russian jet, and a secret meeting"
80,DSI-80,https://www.axios.com/the-red-state-teacher-rebellions-are-spreading--72e04e2a-09cb-4c12-9318-0908e8e71ac4.html,The red-state teacher rebellions are spreading
81,DSI-81,https://forward.com/fast-forward/396564/nunberg-told-mueller-that-roger-stone-met-with-assange/,Nunberg Told Mueller That Roger Stone Met With Assange
82,DSI-82,https://www.nbcnews.com/politics/white-house/trump-ally-detained-served-mueller-subpoena-boston-airport-n861456,"Trump ally detained, served with Mueller subpoena at Boston airport"
83,DSI-83,http://thehill.com/policy/energy-environment/380967-pruitt-paid-50-a-night-to-live-at-condo-co-owned-by-top-energy,Pruitt paid $50 a night to live at condo co-owned by top energy lobbyist’s wife
84,DSI-84,https://www.theguardian.com/environment/2018/mar/30/outdoor-industry-patagonia-rei-trump,‘We have to organize like the NRA’: outdoor industry takes on Trump
85,DSI-85,https://apnews.com/679eafa69f744e13a40243063999cbfe/Czechs-extradite-alleged-Russian-hacker-to-US,Czechs extradite alleged Russian hacker to US
86,DSI-86,https://slate.com/news-and-politics/2018/03/trump-golfing.html,You Might as Well Take the Rest of the Day Off Because the President Already Did
87,DSI-87,http://thehill.com/homenews/media/381035-ex-obama-official-picking-white-house-physician-to-run-va-is-like-having-your,Ex-Obama official: Picking White House physician to run VA is 'like having your Uber driver park the space shuttle'
88,DSI-88,http://thehill.com/homenews/administration/381053-conservatives-fume-after-sessions-declines-to-appoint-new-special,Conservatives fume after Sessions declines to appoint new special counsel
89,DSI-89,https://thinkprogress.org/sinclair-forces-reporters-to-read-script-about-fake-news-63ae6fcea30e/,Local TV forced to denounce ‘one-sided news’ by America’s largest media company
90,DSI-90,http://www.newsweek.com/sinclair-broadcast-group-must-run-deep-state-rt-russia-today-867029,Media Giant Sinclair Hired Reporter From Russian Propaganda Outlet RT Who Produced ‘Must-Run’ ‘Deep State’ Segment
91,DSI-91,https://www.washingtonpost.com/news/the-fix/wp/2018/03/30/laura-ingraham-does-not-want-to-debate-david-hogg/?utm_term=.afc7caeeb780,Laura Ingraham doesn’t really want to debate David Hogg
92,DSI-92,https://www.esquire.com/news-politics/politics/a19645597/laura-ingraham-david-hogg/,"Laura Ingraham Getting Outplayed and Outclassed by a High School Kid? Yes, Please."
93,DSI-93,https://news.vice.com/en_us/article/43banm/ice-just-deported-25-somalis-who-said-they-were-physically-and-sexually-abused-in-detention,ICE just deported 25 Somalis who said they were physically and sexually abused in detention
94,DSI-94,https://www.cbsnews.com/news/laura-ingraham-11-advertisers-drop-show-fans-launch-istandwithlaura-hashtag/,"11 advertisers drop Laura Ingraham, while fans launch #IStandWithLaura"
95,DSI-95,http://www.newsweek.com/most-young-americans-think-trump-mentally-unfit-be-president-poll-shows-867356,"Most Young Americans Think Trump Is Mentally Unfit To Be President, Poll Shows"
96,DSI-96,http://www.businessinsider.com/oleg-deripaska-jet-arrived-in-us-after-manafort-kilimnik-meeting-2018-3,A Putin ally's jet arrived in the US within hours of a meeting between Trump campaign chairman Paul Manafort and a Russian operative
97,DSI-97,http://www.latimes.com/opinion/editorials/la-ed-pruitt-epa-ethics-20180330-story.html,The EPA's Scott Pruitt has to go
98,DSI-98,http://thehill.com/blogs/blog-briefing-room/381038-impeachment-billboard-installed-on-trump-motorcade-route-in-florida,Impeachment billboard installed on Trump motorcade route in Florida
99,DSI-99,https://www.commondreams.org/views/2018/03/30/trump-worst-president-american-history,Is Trump The Worst President In American History?
100,DSI-100,https://www.reuters.com/article/us-usa-guns-boycott/foxs-ingraham-to-take-week-off-as-advertisers-flee-amid-controversy-idUSKBN1H705A,Fox's Ingraham to take week off as advertisers flee amid controversy
101,DSI-101,https://www.denverpost.com/2018/03/30/donald-trump-young-voters-poll/,"Poll: Majority of young people believe Trump is racist, dishonest and “mentally unfit” to be president – The Denver Post"
102,DSI-102,http://www.washingtonblade.com/2018/03/30/joint-chiefs-not-briefed-trump-went-public-trans-military-ban/,Joint chiefs not briefed before Trump went public with trans military ban
103,DSI-103,http://www.msnbc.com/rachel-maddow-show/trumps-own-words-are-again-used-against-him-court,Trump’s own words are again used against him in court
104,DSI-104,https://www.nbcnews.com/politics/politics-news/gofundme-page-fired-fbi-no-2-mccabe-legal-defense-fund-n861581,GoFundMe page for fired FBI No. 2 McCabe legal defense fund nears $500K
105,DSI-105,https://talkingpointsmemo.com/livewire/scott-pruitt-security-broke-down-door-napping-inside,ABC: Pruitt’s Security Broke Down Door In Panic To Find Him Napping Inside
106,DSI-106,https://www.vanityfair.com/news/2018/03/scott-pruitt-lobbyist-townhouse,“Most Blatantly Corrupt Trump Official” Award Is So Close Scott Pruitt Can Taste It
107,DSI-107,http://www.nydailynews.com/news/national/laura-ingraham-announces-vacation-insulting-high-schooler-article-1.3905220,Laura Ingraham announces ‘vacation’ after insulting high schooler
108,DSI-108,https://www.reddit.com/r/politics/wiki/index#wiki_submission_rules,politics
109,DSI-109,https://www.economist.com/news/united-states/21739783-you-cannot-lose-if-you-do-not-play-republican-governors-try-avoid-holding-special?frsc=dg%7Ce,Republican governors try to avoid holding special elections
110,DSI-110,http://uk.businessinsider.com/trump-travel-ban-legal-residents-2018-4,"Nearly 2,000 people were stopped under Trump's travel ban -- and almost all were legal residents"
111,DSI-111,https://uproxx.com/news/russian-met-erik-prince-backchannel-link-putin/,Erik Prince About Trump Backchannel Linked To Putin
112,DSI-112,http://www.jacksonfreepress.com/news/2018/mar/29/only-black-people-prosecuted-under-mississippi-gan/,Only Black People Prosecuted Under Mississippi Gang Law Since 2010
113,DSI-113,https://www.politico.com/story/2018/04/01/china-tariffs-trump-trade-924833,China to slap tariffs on 128 U.S. goods
114,DSI-114,http://thehill.com/homenews/senate/381158-sanders-i-will-work-against-any-va-nominee-backing-privatization,Sanders: I will work against any VA nominee backing privatization
115,DSI-115,https://washingtonpress.com/2018/04/01/the-times-just-exposed-how-deep-trumps-backchannel-to-putin-really-goes/,The Times just exposed how deep Trump’s backchannel to Putin really goes
116,DSI-116,http://fortune.com/2018/03/26/watchdog-alleges-cambridge-analytica-violated-election-law/,Watchdog Alleges Cambridge Analytica Violated Election Law
117,DSI-117,https://washingtonmonthly.com/2018/04/01/sinclair-is-bad-for-democracy-so-are-other-media-monopolies/,Sinclair is Bad for Democracy. So Are Other Media Monopolies.
118,DSI-118,https://www.youtube.com/watch?v=2JWgAYnY0uM,President Donald Trump Doesn't Know What A Community College Is | The 11th Hour | MSNBC
119,DSI-119,https://www.theglobeandmail.com/world/us-politics/article-david-shulkin-rejects-white-house-claim-he-resigned-as-veterans/,David Shulkin rejects White House claim he resigned as Veterans Affairs secretary
120,DSI-120,http://thehill.com/homenews/senate/379910-rubio-parkland-students-have-done-more-in-5-weeks-than-has-been-done-in-15,Rubio: Parkland students have 'done more in 5 weeks than has been done in 15 years'
121,DSI-121,http://gazette.com/democrats-plan-to-field-candidates-for-every-el-paso-county-office-up-for-election/article/1623623,Democrats plan to field candidates for every El Paso County office up for election
122,DSI-122,https://www.marketwatch.com/story/republican-strategists-warning-about-trump-probe-the-storm-is-coming-2018-04-01,Republican strategist’s warning about Trump probe: ‘The storm is coming’
123,DSI-123,https://edition.cnn.com/2018/04/01/politics/ronald-kessler-jake-tapper-interview/,New book alleges Kellyanne Conway is the 'No. 1 leaker'
124,DSI-124,https://www.nytimes.com/2018/04/02/business/media/sinclair-news-anchors-script.html?smid=re-share,Why Sinclair Made Dozens of Local News Anchors Recite the Same Script
125,DSI-125,https://www.thetimes.co.uk/edition/news/2-800-russian-bots-sowed-confusion-after-poison-attacks-zf6lvb3nc,"Skripal attack: 2,800 Russian bots ‘sowed confusion after poison attacks’"
126,DSI-126,https://us.cnn.com/2018/04/01/politics/trump-campaign-amazon/index.html,"CBS: Trump presidential campaign spent more than $150,000 on Amazon"
127,DSI-127,http://thehill.com/homenews/house/381170-democrat-trump-has-tried-to-gaslight-the-country-on-his-true-position-on-daca,Democrat: Trump has tried to ‘gaslight’ the country on his ‘true position’ on DACA
128,DSI-128,http://thehill.com/homenews/senate/381180-doug-jones-people-are-frustrated-with-cabinet-members-and-pruitt-is-in-real,Doug Jones: People are ‘frustrated’ with Cabinet members and Pruitt ‘is in real trouble’
129,DSI-129,https://www.washingtonpost.com/opinions/global-opinions/trump-may-not-intend-to-start-a-war-but-he-sure-could-bumble-into-one/2018/04/01/2710ac22-335f-11e8-8bdd-cdb33a5eef83_story.html?utm_term=.e1d1d991fcc0,Trump may not intend to start a war. But he sure could bumble into one.
130,DSI-130,https://www.vox.com/2018/4/3/17195062/wisconsin-supreme-court-election-results?utm_campaign=vox&utm_content=chorus&utm_medium=social&utm_source=twitter,Wisconsin Supreme Court election result: liberal Rebecca Dallet wins by a huge margin
131,DSI-131,https://www.washingtonpost.com/politics/mueller-told-trumps-attorneys-the-president-remains-under-investigation-but-is-not-currently-a-criminal-target/2018/04/03/d7832cf0-36c1-11e8-acd5-35eac230e514_story.html?utm_term=.f08c09bbf534,Mueller told Trump’s attorneys the president remains under investigation but is not currently a criminal target
132,DSI-132,https://www.cnn.com/2018/04/03/politics/trump-dod-appointee-resigns-birther/index.html,Trump appointee at Defense Department resigns after CNN reveals birther postings
133,DSI-133,http://people.com/politics/planned-parenthood-ceo-says-jared-kushner-and-ivanka-trump-offered-bribe-to-stop-abortions/,Planned Parenthood CEO Says Jared Kushner and Ivanka Trump Offered 'Bribe' to Stop Abortions
134,DSI-134,https://www.washingtonpost.com/news/politics/wp/2018/04/03/the-tax-cuts-were-supposed-to-be-rocket-fuel-for-the-economy-since-they-passed-the-markets-are-down/?utm_term=.732f0a01bc2b,"The tax cuts were supposed to be ‘rocket fuel’ for the economy. Since they passed, the markets are down."
135,DSI-135,https://www.npr.org/2018/04/03/599120190/madeleine-albright-warns-dont-let-fascism-go-unnoticed-until-its-too-late,Madeleine Albright Warns: Don't Let Fascism Go 'Unnoticed Until It's Too Late'
136,DSI-136,https://www.washingtonpost.com/powerpost/wisconsin-judicial-race-becomes-costly-partisan-contest/2018/04/03/5a2adf66-376e-11e8-8fd2-49fe3c675a89_story.html,"Democrat wins a bitter, costly race for Wisconsin Supreme Court"
137,DSI-137,http://people.com/politics/president-trump-poses-anonymous-source-book-claims/,President Trump Is Still Posing as Anonymous Source to Leak Favorable News to Reporters: New Book
138,DSI-138,https://www.nytimes.com/2018/04/03/us/texas-ted-cruz-orourke-senate.html,"In Texas, Ted Cruz Is Facing an Unusual Challenge: A Formidably Financed Democrat"
139,DSI-139,https://www.tennessean.com/story/news/2018/04/03/tennessee-resolution-denounce-neo-nazi-white-nationalists-failed-twice/483759002/,"For the second time, a resolution to denounce neo-Nazis has failed in the Tennessee legislature"
140,DSI-140,https://www.thedailybeast.com/the-daily-stormer-might-have-to-reveal-its-funding-in-libel-lawsuit,Neo-Nazi Website Daily Stormer Might Have to Reveal Its Funding in Libel Lawsuit
141,DSI-141,http://thehill.com/homenews/campaign/381513-ryan-challenger-calls-for-abolishing-ice,Ryan challenger calls for abolishing ICE
142,DSI-142,https://www.texastribune.org/2018/04/03/texas-beto-orourke-ted-cruz-donald-trump-afraid-mexicans/?utm_campaign=trib-social&utm_medium=social&utm_source=reddit&utm_content=433423530,"Beto O'Rourke says Ted Cruz and Donald Trump ""want you to be afraid of Mexicans"""
143,DSI-143,https://www.bloomberg.com/news/articles/2018-04-03/lawyer-who-lied-to-u-s-about-russian-spy-gets-30-day-sentence,Lawyer Who Lied to Mueller About Russian Spy Gets 30 Days
144,DSI-144,http://www.newsweek.com/justin-jones-arkansas-candidate-disgusting-libertarian-homophobic-facebook-869808,"Arkansas House Candidate Calls Gay People 'Disgusting,' Says They Created HIV in Facebook Rant"
145,DSI-145,https://www.bloomberg.com/news/articles/2018-04-03/california-would-require-twitter-facebook-to-disclose-bots,"California Would Require Twitter, Facebook to Disclose Bots"
146,DSI-146,https://www.aclu.org/blog/lgbt-rights/lgbt-youth/betsy-devos-denies-trans-students-basic-rights,Betsy DeVos Denies Trans Students Basic Rights
147,DSI-147,https://www.jsonline.com/story/news/politics/2018/04/03/rebecca-dallet-beats-michael-screnock-race-wisconsin-supreme-court/477978002/,Rebecca Dallet beats Michael Screnock in race for Wisconsin Supreme Court
148,DSI-148,http://thehill.com/policy/energy-environment/381439-gop-rep-calls-for-pruitt-to-step-down-or-be-fired,Two Republican lawmakers call for Pruitt to step down or be fired
149,DSI-149,https://www.cnn.com/2018/04/03/opinions/trumps-smearing-of-jill-mccabe-is-an-outrage-filipovic/index.html,Trump's smearing of Jill McCabe is an outrage we can't ignore
150,DSI-150,http://thehill.com/homenews/media/381409-dan-rather-rips-sinclair-over-media-bias-promos-its-not-journalism-its,"Dan Rather rips Sinclair over media bias promo: It's not journalism, it's propaganda"
151,DSI-151,http://www.kansas.com/news/politics-government/article207791574.html,Kansas House approves $500 million increase for schools
152,DSI-152,http://www.newsweek.com/trump-says-his-approval-higher-obamas-ignoring-three-polls-say-it-isnt-869677?,"Trump Says His Approval Is Higher Than Obama's, Ignoring the Polls That Say It Isn't"
